Customer_ID,Name,Age,Gender,Location,Total_Spent,Customer_Segment
0583d6,Kevin Hanna,22,Female,Los Angeles,4179,Medium Value
4c0f1b,Marisa Sullivan,60,Other,Los Angeles,1683,Low Value
00b49a,Shawn Gonzales,45,Female,Houston,358,Low Value
e093b6,Charles Mejia,68,Male,New York,1541,Low Value
7c817c,Kimberly Francis,43,Female,Los Angeles,2911,Medium Value
aaeb81,Jenna Carroll,26,Female,Chicago,3106,Medium Value
b1a4f4,Angela Gomez,66,Other,Chicago,745,Low Value
4ddebc,Frank Krueger,21,Male,Chicago,4482,Medium Value
8215fb,Amanda Mitchell,39,Other,Houston,2082,Medium Value
deb177,Christopher Austin,36,Male,Chicago,3357,Medium Value
59fe4a,Cynthia Guzman,26,Other,New York,4606,Medium Value
f59c2a,John Miller,28,Other,New York,4512,Medium Value
f415cd,Tiffany Robinson,68,Female,New York,526,Low Value
0a16fe,Kristen Phillips,68,Male,Los Angeles,2852,Medium Value
c5940a,Robin Ford,53,Male,New York,654,Low Value
0ae342,Maureen Smith,30,Male,Los Angeles,3066,Medium Value
c984e3,Joe Stanley,18,Other,New York,941,Low Value
197942,Courtney Padilla,27,Male,Miami,4384,Medium Value
e15d65,Joseph Rosales,27,Male,New York,657,Low Value
2a6646,Joshua Donovan,41,Female,New York,3744,Medium Value
96ff57,Charles Ruiz,43,Male,Chicago,3216,Medium Value
38d9b9,Cheryl Russell,36,Male,Chicago,661,Low Value
9a1148,Mark Hoffman,41,Female,Miami,2738,Medium Value
5d31de,Cynthia Campbell,55,Male,Los Angeles,770,Low Value
780364,Oscar Walton,69,Female,New York,4113,Medium Value
4700d8,Pamela Underwood,45,Female,Chicago,1182,Low Value
cb2083,Samuel Wang,44,Female,Chicago,3441,Medium Value
d5fa58,Chelsea Foster,63,Female,Los Angeles,932,Low Value
7c9826,Andrew Rogers,35,Other,New York,2240,Medium Value
a82434,Clifford Smith,23,Male,New York,1704,Low Value
446290,Terry Smith,20,Male,Miami,3896,Medium Value
85ae39,Rebecca Hughes,54,Other,Houston,129,Low Value
e0053e,Martin Davis,63,Male,New York,2249,Medium Value
7b91fc,Todd Woodard,65,Other,Chicago,2439,Medium Value
55721d,Tammy Silva,30,Male,Los Angeles,1320,Low Value
5f7b2e,Christopher Nichols,49,Other,Los Angeles,838,Low Value
e3dbd3,Brian Davis,68,Male,New York,2042,Medium Value
6d82aa,Jose Martin,67,Other,Chicago,1753,Low Value
c768fe,Heather Jordan,52,Female,Chicago,3176,Medium Value
54fab6,Kristopher Jackson,59,Male,Chicago,1901,Low Value
cef8e5,Eric Wright,57,Male,Chicago,130,Low Value
ae70df,Ashley Smith,32,Other,New York,1126,Low Value
83e133,Theresa Matthews,45,Female,Houston,987,Low Value
bfb7c7,Annette Hoffman,54,Female,Houston,3527,Medium Value
aaf3d9,Austin Jones,23,Female,Miami,3030,Medium Value
346072,Daniel Johnson,36,Male,Houston,1470,Low Value
7f03a0,Ronald Simpson,44,Other,Houston,4258,Medium Value
db7a6a,Michael Parsons,20,Other,New York,1907,Low Value
e5c33e,Sherry Haynes,18,Male,Chicago,2072,Medium Value
e948d6,Andrew Schaefer,67,Male,Chicago,4292,Medium Value
292f84,Peggy Martin,19,Other,Chicago,1083,Low Value
da21ea,Bruce Hughes,69,Female,Houston,4390,Medium Value
83722d,William Frazier,36,Male,Miami,4245,Medium Value
206687,Jacob Mcmillan,69,Other,Chicago,2769,Medium Value
a3633d,Tina Horne,30,Other,Miami,3484,Medium Value
02d9ab,Debbie Ramirez,56,Male,Miami,1244,Low Value
d9e3eb,Stanley Harrell,46,Other,Miami,2772,Medium Value
48d760,Mary Stewart,39,Male,Miami,2804,Medium Value
a96e72,Christina Jacobs,57,Male,Houston,4283,Medium Value
5c69ae,Melanie Sherman,22,Male,Chicago,4313,Medium Value
b9e5a6,Heather Levy,67,Other,Chicago,4712,Medium Value
e69c2c,Stacie Potter,62,Female,Miami,3020,Medium Value
5503aa,Todd Suarez,65,Female,New York,3634,Medium Value
fb048f,Annette Hernandez,58,Male,New York,483,Low Value
6adf7d,Nancy Cruz,22,Male,New York,4719,Medium Value
60ea12,Michaela Collins,32,Other,New York,2575,Medium Value
a40a26,Jamie Simmons,32,Other,Houston,4023,Medium Value
15ba0d,Lacey Smith,69,Male,Chicago,4457,Medium Value
c55e03,Jennifer Bond,56,Other,Houston,4531,Medium Value
43f946,Rachel Webster,60,Other,Chicago,3278,Medium Value
c2c497,Michael Walker,47,Female,New York,4958,Medium Value
4f27cc,Michael Walker,47,Other,New York,2676,Medium Value
90bf99,Michael Reid,46,Female,Chicago,3166,Medium Value
3f4a3e,Shelly Moore,26,Male,Miami,3461,Medium Value
11027e,Stephanie James,31,Female,Miami,4520,Medium Value
8c6e13,Pamela Carrillo,22,Other,New York,908,Low Value
2abf6e,Brittany Chen,18,Female,Chicago,1139,Low Value
9d3f4b,Jeremy Jackson,64,Male,Miami,3446,Medium Value
3230b4,Stefanie Wallace,65,Male,Los Angeles,4369,Medium Value
cf0070,Amy Anderson,63,Other,New York,3695,Medium Value
ff2f04,Jessica Harding,45,Female,New York,1853,Low Value
dd1d33,Christopher Sharp,64,Male,Houston,3204,Medium Value
6bdb4a,Sandra Mckenzie,45,Other,Los Angeles,2921,Medium Value
65f7e4,Elizabeth Nielsen,39,Female,Los Angeles,1806,Low Value
3e520e,Nathan Rodriguez,25,Male,Houston,248,Low Value
917c1b,Gabrielle Pierce,32,Female,New York,3396,Medium Value
4a8434,Stacey Rodriguez PhD,22,Other,Houston,3787,Medium Value
ac505f,Nicole Jones,49,Female,Los Angeles,2186,Medium Value
9ddbe1,Roger Morris,43,Female,New York,942,Low Value
b6dfe6,David Wong,20,Male,Los Angeles,907,Low Value
c511a8,Thomas Willis,18,Female,Los Angeles,4138,Medium Value
09aaef,Kaylee Maldonado,41,Female,New York,905,Low Value
d7ba78,Nicholas Hill,23,Other,Houston,1186,Low Value
d14e0c,Dylan Richardson,40,Female,New York,2306,Medium Value
a6f09a,Christopher Cannon,64,Female,Los Angeles,1925,Low Value
a9b434,Justin Campbell,54,Female,Los Angeles,840,Low Value
64ed02,Gregory Barker,24,Female,Houston,2463,Medium Value
37e5d4,John Smith,29,Male,New York,166,Low Value
73fbf5,Erik Rivera,41,Other,Chicago,3178,Medium Value
9b70eb,David Boyer,23,Male,Houston,1360,Low Value
1e2aca,Sheena Watts,50,Female,Los Angeles,2177,Medium Value
7db8bc,Rhonda Price,39,Male,Houston,4356,Medium Value
605ac5,Kimberly Marshall,34,Female,Los Angeles,238,Low Value
a55c33,Heather May,63,Female,Miami,4177,Medium Value
a12651,Michael Steele,24,Male,Houston,1196,Low Value
3977f6,Scott Aguirre,30,Male,Houston,1365,Low Value
6f4024,Mark Nichols,35,Female,Los Angeles,327,Low Value
0b9e10,Susan Vaughan,36,Male,Houston,3640,Medium Value
246cc6,Erin Contreras,69,Other,Los Angeles,4662,Medium Value
22f1a7,Tony Foster,23,Female,New York,3538,Medium Value
e2494b,Catherine Taylor,62,Other,Houston,3753,Medium Value
2b8bd1,Michelle Chambers,55,Female,New York,3771,Medium Value
a769ab,David Reyes,65,Other,Houston,1179,Low Value
7fa91b,Paul Fowler,26,Male,Los Angeles,1740,Low Value
d35b1d,Sarah Johns,39,Other,Los Angeles,3064,Medium Value
98fb8a,Rebecca Jimenez,19,Male,New York,3510,Medium Value
4a2f5b,Bryan Serrano,32,Female,Miami,3245,Medium Value
169123,Kayla Bailey,46,Other,Miami,218,Low Value
e940d4,Michael Serrano,47,Female,Los Angeles,4919,Medium Value
1ef710,Jennifer Butler,23,Male,Chicago,2478,Medium Value
436ca6,Kenneth Stanton,22,Male,New York,3134,Medium Value
1513de,Cindy Jordan,32,Other,Chicago,615,Low Value
8e01c2,Calvin Anderson,59,Other,Los Angeles,2800,Medium Value
ef87cb,Shawna Jackson,30,Male,Houston,866,Low Value
3fc53f,Joseph Johnston,47,Male,Chicago,3266,Medium Value
126ba9,Hunter Ford,37,Female,Los Angeles,4694,Medium Value
6a9c9e,Kayla Peterson,34,Female,Miami,3613,Medium Value
1f98e3,Cody Lopez,42,Female,Los Angeles,4338,Medium Value
5538a3,Melissa Hayden,42,Female,Miami,1819,Low Value
959052,Alicia Ramirez,50,Other,Houston,835,Low Value
be0fb8,Jim Jones,40,Other,Los Angeles,889,Low Value
a47bab,Joshua Rodriguez,28,Other,Chicago,2093,Medium Value
3e96e7,Carrie Valdez,62,Female,Los Angeles,785,Low Value
13da0f,Henry Arnold,33,Male,Los Angeles,4019,Medium Value
96a538,Shari Thomas,29,Male,Houston,2425,Medium Value
c80e99,Gary Johnson,67,Male,New York,4384,Medium Value
c0b07d,Joshua Lee,62,Female,Los Angeles,2269,Medium Value
9cfeab,Matthew Rodriguez,32,Male,Miami,2306,Medium Value
005f82,Alexis Barnes,36,Female,Miami,4669,Medium Value
d16086,David Fox,32,Female,New York,1405,Low Value
4e1657,Christina Clayton,61,Other,Chicago,4264,Medium Value
7bc79f,Claire Adams,54,Female,Houston,3028,Medium Value
d1948e,Mrs. Kaylee Johnson,58,Male,New York,549,Low Value
8e6541,Adrian Manning,62,Female,Chicago,4688,Medium Value
b55e0e,Wendy Hill,49,Male,Chicago,4319,Medium Value
33d718,Pamela Castro,57,Male,Los Angeles,4172,Medium Value
656752,Lisa Brennan,22,Other,Los Angeles,4807,Medium Value
0d766b,Amanda Hansen,24,Other,Los Angeles,4427,Medium Value
00ad60,Hunter Johnston,55,Female,Miami,4052,Medium Value
7d5842,Amy Hughes,68,Male,Miami,3253,Medium Value
cb4ba5,Jason Hobbs,54,Other,Los Angeles,998,Low Value
aac587,Vanessa Martinez,55,Male,Los Angeles,1072,Low Value
9df3ae,Kristen Myers,42,Male,Houston,205,Low Value
f96d13,Ryan Carter,31,Other,New York,1536,Low Value
dfcadc,Jon Evans,27,Female,Los Angeles,1252,Low Value
e7c862,Jeff Miller,43,Male,Los Angeles,2295,Medium Value
b92b74,Amy Wells,27,Other,Los Angeles,1184,Low Value
57345f,Brian Burch,31,Male,Chicago,3967,Medium Value
3850d4,Matthew Lam,47,Other,Houston,4217,Medium Value
f7ce1f,Lori Wallace,60,Male,Chicago,2992,Medium Value
665ea1,Ian Chavez,43,Female,Houston,4830,Medium Value
2573ba,Amber Steele,25,Other,Miami,1816,Low Value
bdcd45,Crystal Oconnell,60,Female,Los Angeles,1678,Low Value
b5b7da,Susan Rogers,59,Other,Chicago,3494,Medium Value
3f84b9,Christine Li,64,Other,New York,550,Low Value
f7dcee,William Edwards,34,Female,New York,2937,Medium Value
2403f1,Tiffany Weber,50,Male,New York,835,Low Value
221e7a,Pamela Thomas,25,Male,Miami,3779,Medium Value
2f2ae6,Wanda Morgan,34,Female,Los Angeles,3638,Medium Value
1b4acc,Danny Warner,62,Female,New York,3371,Medium Value
4b117d,Zachary Green,68,Other,Miami,3812,Medium Value
065958,Kathleen Mccoy,50,Other,Los Angeles,3972,Medium Value
dad6df,Glenda Chapman,60,Other,Miami,3954,Medium Value
4b3ab7,Amanda Rhodes DVM,32,Other,New York,2494,Medium Value
76c8fb,Marvin Figueroa,43,Other,New York,4572,Medium Value
8ccac6,William Baker,24,Other,Los Angeles,3561,Medium Value
bb2360,Amanda Moore,31,Male,Miami,1060,Low Value
acb4b3,Connie Ortiz,36,Female,Los Angeles,851,Low Value
9aefbc,Brooke Hanson,22,Male,New York,3878,Medium Value
8b8062,Brittany Richardson,55,Other,Chicago,1012,Low Value
5b109e,John Luna,40,Male,Miami,2520,Medium Value
1d5e7c,John Fritz,41,Other,Chicago,1424,Low Value
df5cf3,Brianna Frank,62,Other,Los Angeles,4587,Medium Value
09f096,Scott Hamilton,24,Female,Miami,2529,Medium Value
17e1d4,Veronica Henderson,64,Male,New York,2290,Medium Value
74031c,Susan Hale,38,Male,New York,1466,Low Value
4b5844,Breanna Hatfield,44,Male,New York,862,Low Value
c0bbda,Lacey Gilmore,41,Other,Chicago,4646,Medium Value
485e3b,Shane Leon,18,Female,New York,3148,Medium Value
ecfd8e,Haley Jones,23,Female,Houston,4515,Medium Value
6b4132,James Anderson,35,Other,Los Angeles,4133,Medium Value
148b08,Natalie Nguyen,65,Other,Houston,3872,Medium Value
fa17b4,Nicholas Powers Jr.,67,Female,Los Angeles,2947,Medium Value
0d28a1,Elizabeth Chase,56,Female,Miami,2704,Medium Value
a7ef21,Francis Lawrence,53,Other,Los Angeles,912,Low Value
8ad450,James Schmidt,49,Female,Los Angeles,2300,Medium Value
6341df,Olivia Jones,18,Female,Houston,2971,Medium Value
2c35b7,Paul Cunningham,32,Female,Miami,2666,Medium Value
16f3bf,John Olson,66,Male,Chicago,1343,Low Value
9e05c6,Michelle Alvarez,31,Female,Houston,160,Low Value
d3b955,William Moore,26,Male,Chicago,2440,Medium Value
9f2660,Brad Mendoza,67,Female,Chicago,3603,Medium Value
fc25e7,Brooke Brown,43,Female,Miami,2005,Medium Value
d94e1a,Jennifer English,52,Male,Miami,4731,Medium Value
ae95e4,Madison Bell,31,Male,New York,1055,Low Value
613ae3,Austin Armstrong,61,Female,Chicago,4351,Medium Value
ef06ed,Michael Harvey,28,Other,New York,2849,Medium Value
a4ab91,Cameron Mckenzie,21,Female,Chicago,2672,Medium Value
7e8063,Kelly Meyer,28,Female,Miami,4745,Medium Value
a77707,Mary Hudson,52,Female,Chicago,1931,Low Value
70c078,Charles Escobar,36,Female,New York,622,Low Value
a658a4,Harold Eaton,52,Other,Chicago,2217,Medium Value
827a0b,Michael Mueller,37,Female,Los Angeles,1809,Low Value
6b6067,Katherine Marshall,51,Female,New York,642,Low Value
26b6c9,Dr. Emily Jones,24,Other,New York,3710,Medium Value
36a9a4,Kimberly Doyle,54,Other,Los Angeles,4028,Medium Value
b8e59b,Ashley Murphy,69,Other,New York,570,Low Value
a453b1,Christian Mckenzie,64,Male,Los Angeles,3748,Medium Value
7ee0ca,Cheryl Freeman,25,Other,New York,4128,Medium Value
919c87,Adam Bell,68,Male,New York,2765,Medium Value
8588e6,Vincent Mcpherson,22,Male,Miami,2414,Medium Value
549a6d,Patrick Palmer,44,Other,Chicago,1002,Low Value
bd36a2,Mrs. Wanda Rogers,53,Female,Miami,1119,Low Value
1c6a85,Charles Pacheco,41,Male,Los Angeles,4377,Medium Value
9fdf14,Juan Hawkins,19,Female,Houston,3590,Medium Value
9b08b4,Cody Miranda,21,Other,Los Angeles,3783,Medium Value
c80b50,Dalton Gutierrez,41,Male,Miami,4386,Medium Value
ef93a4,Richard Blackburn,31,Other,Chicago,2851,Medium Value
ad14a2,Antonio Morales DVM,29,Male,Miami,4898,Medium Value
e361fc,James Garcia,35,Male,New York,4972,Medium Value
0f4e60,Gina Mckay,55,Other,New York,1936,Low Value
f70d91,Rebecca Thompson,21,Male,Houston,3505,Medium Value
eb354d,Christina Cruz,32,Other,Los Angeles,3102,Medium Value
d9a24a,Amy Fisher,68,Other,Miami,1070,Low Value
e15a0f,Richard Burke,59,Other,Chicago,550,Low Value
e0cc69,Mason Ramsey,50,Other,Chicago,2852,Medium Value
96c37e,Robert Wise,19,Male,Los Angeles,4206,Medium Value
642d5e,Tyler Price,24,Male,Miami,2530,Medium Value
060b58,Carrie Coleman,18,Male,Chicago,1616,Low Value
63dc2a,Angela Lewis,20,Female,Miami,2999,Medium Value
ed43c8,Blake Oneal,44,Female,New York,547,Low Value
d36e00,Anna Rodriguez,45,Female,Miami,1460,Low Value
064624,Russell Martin,31,Other,Houston,4317,Medium Value
f3a502,Tanner Berger,68,Male,Houston,285,Low Value
a87c8d,Joshua Daniels,53,Other,Houston,4901,Medium Value
3b936d,Lori Hall,43,Male,Los Angeles,815,Low Value
e15777,Justin Robinson,20,Other,Houston,4430,Medium Value
525387,Julie Stevens,68,Female,Houston,2892,Medium Value
68cd22,Rebecca Clayton,54,Male,Los Angeles,2804,Medium Value
647657,Raymond Perry,62,Other,Los Angeles,2857,Medium Value
3f8cb1,Andrew Clark,40,Female,Miami,455,Low Value
7fb211,Annette Stein,68,Male,Los Angeles,3559,Medium Value
2c0f09,Paula Adkins,48,Other,Los Angeles,2022,Medium Value
064a47,Christian Bradley,38,Male,Houston,4502,Medium Value
3418ea,Mariah Wolfe,30,Male,Miami,817,Low Value
6c8b9f,Emma Kirby,39,Female,Houston,4121,Medium Value
0a694c,Caitlin Martinez,66,Male,New York,755,Low Value
e26ec3,Pamela Levy,65,Other,Los Angeles,830,Low Value
fa5b82,Steven Sanders,20,Other,Chicago,4636,Medium Value
8b9634,Amber Wise,23,Male,Chicago,1274,Low Value
9179cd,Paul Grant,31,Male,Houston,1365,Low Value
baac2b,Brent Stephens,68,Male,Los Angeles,2521,Medium Value
ef5a17,Tara Anderson,65,Female,Los Angeles,3640,Medium Value
62a73d,Joseph Martinez,43,Male,Houston,502,Low Value
c47aa1,Thomas Reid,24,Other,Miami,2309,Medium Value
4557e1,Melissa Fitzgerald,50,Female,Houston,1311,Low Value
35c723,Alejandro Cohen,30,Female,Chicago,4739,Medium Value
8d7928,James Liu,20,Other,Los Angeles,1111,Low Value
f4a7dd,Larry Dorsey,33,Female,Los Angeles,3551,Medium Value
ad8167,Kimberly Rose,31,Male,Chicago,604,Low Value
381cc6,Bryan Livingston,46,Male,New York,4286,Medium Value
d8f0a4,Mr. Shaun Nelson,65,Female,Houston,304,Low Value
6776ac,Cheryl Welch,41,Male,New York,3392,Medium Value
13e8e2,Daniel Johnson,39,Other,New York,1955,Low Value
0bbe51,Alicia Robertson,24,Male,New York,1385,Low Value
8c376f,Eric Miller,18,Male,New York,3271,Medium Value
bffec4,Whitney Morrison,34,Other,Los Angeles,1051,Low Value
56b912,Rebecca Mann,22,Other,Miami,4839,Medium Value
08a16f,Cathy Ryan,26,Male,Los Angeles,4949,Medium Value
d2272f,Amber Thornton,29,Female,New York,2382,Medium Value
54d483,Mary Mullins,47,Female,Houston,4142,Medium Value
d70515,Diana Pierce,66,Male,New York,2792,Medium Value
3301f1,Jenny Baird,43,Other,Houston,2658,Medium Value
5652da,Kevin Johnson,61,Other,Houston,3767,Medium Value
de5c05,Pamela Gonzalez,61,Female,Miami,3358,Medium Value
1beced,Victoria Smith,25,Other,Chicago,3850,Medium Value
abc772,Frank Cervantes,49,Female,Los Angeles,2885,Medium Value
3cc777,Joseph Mckay,29,Other,Los Angeles,3821,Medium Value
1cd0c0,Deborah Clark,58,Other,Miami,136,Low Value
c5dfd5,Kelsey Fernandez,50,Male,Miami,4085,Medium Value
df0824,Ronald Patterson,69,Other,Chicago,598,Low Value
d2742a,Brandon Watkins,50,Other,Los Angeles,4388,Medium Value
d5f2e3,Virginia Potter,69,Male,Los Angeles,923,Low Value
79562f,Bradley Jensen,63,Other,Los Angeles,4115,Medium Value
7e3148,Steven Rivera,27,Female,Chicago,326,Low Value
039139,Gerald Long,46,Female,Los Angeles,4578,Medium Value
585151,Justin Ochoa,24,Male,New York,3769,Medium Value
4cb6b2,Anthony Adams,41,Other,New York,2126,Medium Value
094a5a,James Cruz,34,Other,Chicago,2510,Medium Value
d26049,Jonathan French,62,Male,Miami,2429,Medium Value
34d625,Ann Sims,65,Other,Houston,1383,Low Value
9d1b18,Jeffrey Vincent,37,Female,Miami,3462,Medium Value
68bb34,Susan Cole,37,Female,New York,3455,Medium Value
bfadaf,Karen Bailey,69,Female,Houston,1920,Low Value
4b51ec,Lisa Rhodes,24,Male,Houston,171,Low Value
1d15a4,Jennifer Stanley,36,Other,New York,4093,Medium Value
58d0d4,Jessica Thomas,27,Female,New York,4521,Medium Value
6ca609,John Rodriguez,56,Other,Houston,3586,Medium Value
3521bd,Steven Miller,23,Female,Los Angeles,926,Low Value
f93065,Tiffany Donovan,45,Female,Houston,3074,Medium Value
720ce3,Benjamin Smith,53,Female,Chicago,1315,Low Value
79e648,Mr. Cody Estrada,30,Female,Los Angeles,3874,Medium Value
d60a81,Danielle Burch,23,Female,Miami,512,Low Value
39e917,Kristin Reed,65,Male,New York,2976,Medium Value
b70880,Thomas Gordon,49,Female,Chicago,1269,Low Value
894646,Jorge Kelly,22,Male,Houston,3585,Medium Value
87b250,Keith Best,46,Male,Miami,807,Low Value
531de4,Valerie Johnson,35,Male,Houston,3524,Medium Value
667c1a,Erika Yoder,22,Other,Houston,4415,Medium Value
60ac75,Jesus Simmons,66,Other,Houston,3649,Medium Value
21bb3c,Michael Glenn,42,Male,New York,4888,Medium Value
d129cd,Daniel Jimenez,43,Female,Miami,4405,Medium Value
d8c1d4,Andrew Williamson,18,Male,New York,983,Low Value
1af473,Patrick Hayes,69,Female,Chicago,4197,Medium Value
2aecc3,Marcus Garcia,55,Other,Houston,2163,Medium Value
59035c,Richard Wheeler,36,Other,Miami,2787,Medium Value
14d85a,Stephanie Barton,36,Male,New York,3560,Medium Value
184306,Amy Sandoval,40,Male,New York,4343,Medium Value
d8b630,Natasha Ray,53,Other,Chicago,4322,Medium Value
232afc,Angela Lyons,44,Female,Houston,4763,Medium Value
a93bd0,Janet Buckley,33,Other,Los Angeles,3506,Medium Value
cedc4d,Beverly Martinez,29,Other,Miami,580,Low Value
dccb9e,Heather Francis,48,Other,Miami,2542,Medium Value
c516b1,Mary Kelly,65,Male,Miami,3749,Medium Value
e30430,Michael Bond,53,Male,New York,1332,Low Value
9b8cee,Matthew Stout,57,Female,Miami,1705,Low Value
72b94a,Michael Downs,32,Other,Chicago,2293,Medium Value
f53fbf,Susan Bell,43,Other,New York,2919,Medium Value
9353e8,John Francis,40,Female,New York,4276,Medium Value
1e8504,Mike Dawson,54,Other,Los Angeles,3891,Medium Value
7f8f6e,Teresa Freeman MD,48,Male,Los Angeles,4011,Medium Value
ee92a5,Rebecca Scott,50,Male,Chicago,2187,Medium Value
90a26b,Nicole Miller,33,Other,Chicago,589,Low Value
9ea783,Linda Patterson,58,Female,Miami,3624,Medium Value
8761d7,Catherine Harris,39,Male,Houston,1236,Low Value
006294,Rebecca Clark,29,Female,Miami,102,Low Value
cf4974,Amanda Bryant,57,Female,Chicago,2823,Medium Value
6730ff,Todd Murphy,66,Female,Los Angeles,598,Low Value
2797c4,William Shelton,61,Other,Chicago,1200,Low Value
0f572d,Michael Shaw,59,Other,Houston,1002,Low Value
d28ef1,Alicia Wilcox,46,Other,New York,3127,Medium Value
a9a2b0,Anna Hartman,57,Male,New York,2003,Medium Value
ea5046,Ryan Short,35,Other,Houston,2476,Medium Value
be2366,Hector Maddox,21,Female,Houston,2650,Medium Value
4b908c,Heather Evans,69,Male,New York,4083,Medium Value
73d905,Jason Singh,53,Female,Los Angeles,2845,Medium Value
9f5492,Daniel Owens,33,Male,Los Angeles,2343,Medium Value
19ec52,Susan Jones,57,Other,New York,4191,Medium Value
a93f50,Taylor Hamilton,62,Other,New York,2956,Medium Value
2d6227,Erik Malone,56,Other,Miami,2052,Medium Value
229428,Victoria Campbell,28,Other,Los Angeles,691,Low Value
7ed96a,Brian Collins,44,Other,Miami,2890,Medium Value
9758c0,Sherry Cooley,27,Male,Houston,3648,Medium Value
946502,Jessica Wright,48,Male,Los Angeles,1119,Low Value
9e382d,Joshua Wood,63,Male,New York,599,Low Value
fea76e,David Wagner,29,Other,Los Angeles,918,Low Value
08728b,Eugene Watson,46,Other,Chicago,1672,Low Value
99d9cc,Jacob Dougherty,26,Female,Los Angeles,3589,Medium Value
6a6079,Jeffrey Stevens,62,Female,Los Angeles,3414,Medium Value
8af74d,Sophia Proctor,25,Male,Los Angeles,1646,Low Value
847711,Hector Rodriguez,61,Other,Houston,2238,Medium Value
b0e8fa,Robert Benitez,24,Female,Chicago,4622,Medium Value
5fecb0,Carolyn Fuentes MD,52,Female,Los Angeles,3429,Medium Value
064398,Michael Olson,56,Male,New York,283,Low Value
636007,Carly Freeman,35,Other,Los Angeles,1196,Low Value
02e54e,Linda Davis,61,Male,Houston,1773,Low Value
b25446,Gloria Cortez,59,Other,Chicago,4659,Medium Value
16d7bc,Steven Bell,38,Other,New York,2302,Medium Value
5802d9,Jason Thomas,39,Other,Miami,4915,Medium Value
00c7a0,Steven Hernandez Jr.,42,Female,New York,689,Low Value
09abde,Joshua Lopez,38,Female,Miami,2856,Medium Value
48ca82,Dean Brown,68,Female,Chicago,439,Low Value
a43eea,Robert Gonzales,36,Female,Miami,1172,Low Value
ff187f,Sarah Moss,61,Other,Miami,369,Low Value
952942,Judith Romero,35,Male,Houston,636,Low Value
ddf97f,Kenneth Rios,35,Female,Houston,398,Low Value
a38696,Ian Hartman,67,Other,New York,1879,Low Value
4e8d63,Jesus English,60,Other,New York,1673,Low Value
62990d,Christopher Clayton,50,Male,Houston,1171,Low Value
a058b8,Willie Allen,42,Female,New York,4027,Medium Value
94c3c4,Marcus Gregory,28,Other,Chicago,3768,Medium Value
401167,Carlos Ross,54,Female,New York,4884,Medium Value
bf898e,Robert Curtis,56,Female,Chicago,4661,Medium Value
335482,Stephanie Snow,29,Other,New York,1304,Low Value
464392,Michael Brown,64,Female,Chicago,757,Low Value
a47564,Brenda Johnson,56,Other,Miami,1037,Low Value
97707e,Elizabeth Kennedy,30,Female,Houston,2364,Medium Value
a66c03,Douglas Klein,52,Other,Los Angeles,4491,Medium Value
fd70c5,Jessica Mercado,24,Male,New York,2256,Medium Value
900d8c,Jamie Scott,36,Female,New York,4830,Medium Value
3d5794,Ronald Burns,52,Other,New York,1445,Low Value
95c81d,Anthony Cohen,42,Female,Miami,2725,Medium Value
92f42e,Charlotte Buck,60,Other,Houston,4780,Medium Value
00e1ff,Daniel Rhodes,30,Male,Houston,4794,Medium Value
c11bcd,Erica Smith,46,Female,Houston,2796,Medium Value
a5f9cf,Hannah Marks,30,Other,Chicago,1094,Low Value
1db120,Fernando Henry,56,Female,Miami,891,Low Value
0daf3e,Nathan Ford,56,Male,Houston,3229,Medium Value
13dcc8,Philip Hudson,55,Male,Chicago,797,Low Value
add371,Todd Price,51,Other,Houston,4866,Medium Value
989d13,Matthew Jacobs,45,Female,Los Angeles,4574,Medium Value
560d35,Ronnie Smith,37,Other,Chicago,3306,Medium Value
ea3b0a,Gabrielle Duke,20,Other,Chicago,4051,Medium Value
d91d4c,Tina Michael,42,Other,Houston,2968,Medium Value
d72dc0,Francisco Mills,49,Male,Chicago,4380,Medium Value
9ef8fa,April Baird,40,Female,Los Angeles,3851,Medium Value
a883b9,John Miller,30,Female,Miami,1257,Low Value
2540a6,Anna Butler,31,Other,New York,533,Low Value
374829,Susan Beard,18,Male,Los Angeles,264,Low Value
6ecf87,Shannon Hayes,67,Other,New York,3341,Medium Value
0e7f83,Richard Moore,43,Male,New York,3508,Medium Value
41b60a,Lisa Taylor,26,Male,Houston,3357,Medium Value
a5e223,Charles Villa,37,Female,New York,1944,Low Value
08561f,Michael Buchanan,64,Female,Houston,1661,Low Value
c690cb,Jillian Black,25,Other,New York,1599,Low Value
344e6a,Patrick Johnson,50,Female,Chicago,3121,Medium Value
43bf8b,Christina Porter,59,Female,Chicago,1114,Low Value
c91499,Roberto Bryan,53,Female,New York,2984,Medium Value
135dd1,Robin Cabrera,42,Male,Houston,713,Low Value
bf7f78,Jacob Wiley,34,Female,Los Angeles,4631,Medium Value
c5dcf8,Joseph Myers,26,Male,Chicago,629,Low Value
ceafe5,James Jacobs,43,Female,Miami,411,Low Value
1718ff,Danielle Walker,45,Male,Miami,2435,Medium Value
b96fdb,John Hernandez,64,Male,Los Angeles,202,Low Value
cd1aeb,Margaret Williams,64,Female,Miami,394,Low Value
d97042,Lauren Best,27,Male,Houston,834,Low Value
aea03b,Tracy Jackson,63,Other,Houston,1143,Low Value
7170d4,Scott Morgan,29,Male,Miami,467,Low Value
1edeaa,Lisa Mitchell,54,Other,Chicago,3116,Medium Value
8dd666,Erica Odom,44,Other,New York,4210,Medium Value
5964b7,Deborah Dixon,56,Other,Chicago,1527,Low Value
3c23c3,Mr. Cody Howard MD,68,Male,Houston,4403,Medium Value
e4b912,Steven Evans,37,Male,Chicago,3182,Medium Value
dccb1a,Wayne Owens,50,Male,Miami,2832,Medium Value
630ccf,Adrienne Russell,38,Other,Los Angeles,629,Low Value
a89122,Andrew Armstrong,31,Male,Los Angeles,2413,Medium Value
50cd47,Robert Abbott,30,Female,Houston,2062,Medium Value
0f0a4a,Madison Morton,37,Male,New York,4109,Medium Value
3e9b3c,Mr. Mark Soto MD,63,Female,Los Angeles,1591,Low Value
e5e89c,Jesse Downs,41,Female,Chicago,1812,Low Value
541935,Mariah Long,35,Female,Chicago,4936,Medium Value
26031c,Kara Brooks,39,Other,Houston,3427,Medium Value
bcea66,Mary Bass,30,Other,Houston,2287,Medium Value
1cf4fd,Joseph Robinson,23,Male,Los Angeles,3674,Medium Value
88c997,Ralph Salinas,33,Other,Miami,2026,Medium Value
888bce,Dominique Hall MD,33,Female,Chicago,4595,Medium Value
bc7eea,Brian Wagner,44,Male,New York,1388,Low Value
580dca,Sarah Gonzalez,63,Female,New York,1741,Low Value
3f29cb,Michael Peterson,65,Male,Los Angeles,876,Low Value
4bcdfc,Susan Harris,44,Other,Chicago,131,Low Value
1e3c19,Christopher Raymond,61,Female,Chicago,1037,Low Value
d1bc18,Alexis Ward,22,Other,Chicago,3306,Medium Value
467ac4,Michael Smith,42,Female,Houston,3857,Medium Value
67f933,Philip Curry,45,Male,New York,2145,Medium Value
9d106b,Ashley Sanders,42,Other,Houston,1868,Low Value
08a79b,Benjamin Ryan,41,Male,Miami,3560,Medium Value
903a0f,Tony Graves,33,Other,Los Angeles,4920,Medium Value
c4d27b,Natalie Martinez,39,Other,Houston,4625,Medium Value
10ce2b,Derek Cox,51,Female,Chicago,427,Low Value
5ad076,Juan Holmes,26,Female,Chicago,4623,Medium Value
0db9a5,Troy Johnson,59,Other,Miami,2846,Medium Value
575c46,Bradley Rich,22,Other,Houston,4667,Medium Value
550b13,Paul Gibson,24,Male,Houston,1204,Low Value
60c2f9,Anthony Ponce,65,Female,Chicago,386,Low Value
eb6746,Kevin Thomas,54,Female,Miami,2067,Medium Value
92cbb9,Benjamin Jones,48,Female,Miami,381,Low Value
60c508,Connor Williams,55,Female,Los Angeles,3933,Medium Value
d2a3a2,Samantha Benjamin,27,Other,Los Angeles,2844,Medium Value
1322e7,Patrick Griffin,58,Male,Miami,1052,Low Value
eeed0d,Crystal Gillespie,19,Male,Chicago,881,Low Value
a12678,Gerald Harris,68,Male,Chicago,772,Low Value
cc8604,Ryan Medina,38,Male,Chicago,1789,Low Value
f5a254,Dominique Freeman,48,Female,Los Angeles,4513,Medium Value
d19cca,Wayne Sutton,32,Other,New York,4207,Medium Value
bf128f,Deborah James,45,Other,Houston,1036,Low Value
c0491a,Michael Martin,30,Other,Chicago,3999,Medium Value
8dd224,Anthony Kim,18,Other,Houston,807,Low Value
7d8fb8,Andrea Ruiz,41,Female,Chicago,4731,Medium Value
ef1539,Lee Wilcox,44,Male,Houston,212,Low Value
1029b3,Jamie Ball,42,Female,Miami,4702,Medium Value
ac0060,Jacqueline Rowe,64,Female,Miami,1903,Low Value
c8c78f,Sharon Pierce,31,Other,Chicago,4011,Medium Value
7c6499,Karen Rasmussen,29,Female,Chicago,2343,Medium Value
b0af01,Tammy Carter,54,Male,Chicago,3991,Medium Value
fdbb3f,Michael Jones,34,Female,New York,3811,Medium Value
5e1657,Tiffany Morris,61,Male,Miami,929,Low Value
940c3d,Kimberly George,27,Female,New York,181,Low Value
309b59,Linda Wright,64,Female,Houston,4059,Medium Value
37f14f,Christina Cook,59,Male,Miami,1118,Low Value
61e522,Thomas Davis,63,Male,Miami,4107,Medium Value
d83b36,Rebecca Nelson,51,Male,New York,347,Low Value
a2a17c,Troy Bond,25,Other,Houston,572,Low Value
2a9411,Carly Davis,46,Female,Miami,2921,Medium Value
897d59,Cory Miller,39,Female,Chicago,3661,Medium Value
cd5300,Grant Hampton,30,Other,Chicago,2455,Medium Value
9ba44c,Erin Smith,45,Other,Chicago,364,Low Value
1ad5da,Patricia Chandler,37,Female,Chicago,4743,Medium Value
40f1ca,Stacy Lawson,20,Male,Houston,1564,Low Value
e6e784,Erica Benson,24,Male,Miami,1027,Low Value
59df81,Jennifer Berry,67,Male,New York,2373,Medium Value
916382,Kevin Washington,63,Female,Miami,1472,Low Value
7064f8,Evelyn Palmer,54,Male,New York,2386,Medium Value
811593,Christopher Smith,51,Other,Houston,3255,Medium Value
26c89a,Jordan Brown,19,Male,Chicago,414,Low Value
d07df3,Kimberly Glenn,26,Female,Houston,3025,Medium Value
a6b61d,Nancy Campbell,41,Male,Houston,2115,Medium Value
37228a,William Hart,37,Female,Chicago,2507,Medium Value
8312ef,Reginald Ross,68,Other,Chicago,1316,Low Value
1b2cd5,Rodney Gonzalez,47,Male,Houston,238,Low Value
f0a89d,Natalie Nguyen,41,Male,Houston,2350,Medium Value
20f79d,Daniel Kim,54,Female,Houston,2277,Medium Value
eb54c2,Tony Duffy,48,Other,Los Angeles,2652,Medium Value
8936ea,Kayla Lee,61,Female,Houston,4137,Medium Value
2e6228,Edward Brown,42,Male,Chicago,4029,Medium Value
80d1dc,William Vazquez,39,Male,Los Angeles,4693,Medium Value
bbfab4,Lisa Lam,32,Other,Los Angeles,3986,Medium Value
36e794,Holly Vasquez,36,Male,Los Angeles,1554,Low Value
ac54e7,Joseph Boyd,31,Other,New York,697,Low Value
3e7683,Sheila Cameron,30,Other,New York,1598,Low Value
f0c87e,William Smith,43,Other,Miami,272,Low Value
791f39,Crystal Nguyen,23,Other,Los Angeles,1466,Low Value
f56c4e,Stephen Hernandez,54,Male,New York,1997,Low Value
0cfc2b,Craig King,39,Female,Miami,4386,Medium Value
1b5abd,Daniel Mcmillan,22,Male,Chicago,743,Low Value
1cb934,Ashley Smith,68,Male,Miami,1068,Low Value
a5a354,Matthew Moore,64,Male,Chicago,2137,Medium Value
9e2389,Michael Cook,47,Other,Houston,3705,Medium Value
4627f4,Katrina Park,66,Female,Los Angeles,4205,Medium Value
83cdef,William Clark,49,Female,New York,2814,Medium Value
56a8d9,Katie Lowe,33,Male,Houston,3678,Medium Value
3e1b48,Taylor Richardson,44,Other,Chicago,4193,Medium Value
90d7c6,Corey Johnson,33,Other,Chicago,2415,Medium Value
c0f584,Michelle Davis,24,Other,Miami,1424,Low Value
31a237,Cynthia Solomon,56,Female,Miami,4462,Medium Value
c87119,Jay Hancock,69,Other,New York,4090,Medium Value
1dd7b1,Susan Evans,21,Other,Chicago,1704,Low Value
120b0f,Christopher Peck,53,Male,New York,1390,Low Value
a52d97,Zoe Berry,23,Other,Houston,4659,Medium Value
282154,Karen Freeman,33,Other,Chicago,3820,Medium Value
67e362,Linda Brown,37,Other,Chicago,4986,Medium Value
e07b6d,Troy Nelson,44,Female,Miami,140,Low Value
63001a,Sheila Green,64,Female,Houston,123,Low Value
e7a15f,Wendy Nash,33,Female,Miami,3776,Medium Value
0289d3,Ashley Vance,59,Other,Houston,1441,Low Value
e098d4,Walter Burke,54,Other,Chicago,4849,Medium Value
aa5ddc,Brian James,26,Other,Houston,2208,Medium Value
4cc3df,Joshua Lin,44,Female,Chicago,353,Low Value
092c22,Stephanie Flores,44,Other,Houston,3314,Medium Value
11e14c,Tracy Green,31,Female,Los Angeles,1442,Low Value
658cee,Jessica Forbes,33,Female,Miami,4292,Medium Value
fa3119,Jason Whitaker,67,Male,Chicago,4762,Medium Value
65d18b,Sean Powell,19,Female,Chicago,4269,Medium Value
dcb83b,Jessica Bailey,24,Other,Chicago,1679,Low Value
2556f7,David Wood,43,Other,Miami,547,Low Value
360f57,Elizabeth Green,56,Female,New York,2389,Medium Value
39f33c,Benjamin Hodges,59,Other,Los Angeles,1554,Low Value
ee00cf,Daniel Brown,53,Male,New York,4093,Medium Value
e1b97f,Samuel Mitchell,42,Female,Los Angeles,3039,Medium Value
a76950,Dr. Jennifer Lynn,35,Female,Chicago,4603,Medium Value
5b826e,Amy Page,32,Male,New York,2454,Medium Value
603fe0,Jared Hamilton,67,Other,Chicago,3390,Medium Value
686e35,Gwendolyn Barron,66,Female,Los Angeles,1865,Low Value
d59ff4,Sheri Dudley,34,Female,Houston,505,Low Value
e1b2b1,Jodi Durham,37,Male,Los Angeles,1260,Low Value
24c8e5,Bradley Brown,42,Male,Chicago,2967,Medium Value
db7bff,Gary Arroyo,66,Female,Chicago,4267,Medium Value
a29381,Katherine Jones,68,Other,New York,589,Low Value
2e7c73,Melissa Reyes,41,Other,Houston,2274,Medium Value
fbf9a8,Mark Becker,28,Other,Miami,251,Low Value
7df600,Sherry Beck,18,Female,Los Angeles,3322,Medium Value
1e903c,Michael Marsh,24,Male,Los Angeles,1617,Low Value
9bd39e,Robert Duffy,34,Female,Houston,3877,Medium Value
689804,Nicole Hayes,23,Female,Chicago,4347,Medium Value
9388bb,Nancy Turner,46,Male,Houston,233,Low Value
ffa0c3,Megan Sampson,27,Female,Houston,568,Low Value
51d319,John Holt,26,Female,New York,4996,Medium Value
89b95c,Mark Hanson,41,Other,Miami,2832,Medium Value
c6bb91,Abigail Bennett,30,Other,Chicago,340,Low Value
32699c,Valerie Cardenas,18,Male,Chicago,216,Low Value
9c1e73,James Wilson,62,Other,Los Angeles,698,Low Value
f5d634,Beverly Mora,50,Female,Houston,4208,Medium Value
53afab,Michael Rodriguez,52,Female,Miami,4787,Medium Value
fe9e04,William Thompson,42,Male,New York,1997,Low Value
ca68e4,Natalie Williams,45,Female,Miami,1962,Low Value
2b9564,Sergio Wells,54,Female,Los Angeles,2028,Medium Value
5aa643,Rachel Bradshaw,47,Other,Miami,4189,Medium Value
257e66,Robert Mcclure,36,Female,Chicago,1882,Low Value
b77f0a,Juan Morgan,62,Other,Houston,1853,Low Value
32c04b,Sarah Lee,41,Male,Los Angeles,3780,Medium Value
683113,Tamara Myers,46,Male,Chicago,1510,Low Value
ec663d,Stephanie Preston,38,Female,Houston,4890,Medium Value
499ab4,David Richmond,33,Female,Los Angeles,769,Low Value
fe4026,Colleen Macias,27,Other,Miami,4335,Medium Value
a7156f,Joshua Santos,42,Male,Miami,1428,Low Value
bea91a,Alicia Edwards,66,Male,Chicago,3334,Medium Value
6d2563,Joseph Reyes,53,Female,New York,4290,Medium Value
a9b582,Rebecca Murphy,27,Other,Miami,2922,Medium Value
b21113,Steven Levy,23,Female,Miami,4960,Medium Value
deba11,Elizabeth Sanchez DVM,48,Other,Chicago,1633,Low Value
c0090b,Carolyn Thompson,25,Other,New York,703,Low Value
9d7d39,Samantha Wright,49,Other,Chicago,4025,Medium Value
e6bc5a,David Ellis,59,Male,Chicago,2291,Medium Value
68f3ee,Christine White,65,Male,New York,3625,Medium Value
ac17d5,Jimmy Allen,31,Other,New York,4524,Medium Value
7680b8,Amy Casey,51,Female,New York,1179,Low Value
92348e,Jonathan Goodwin,52,Female,Houston,2481,Medium Value
b70eaa,Derek Fernandez,23,Female,Los Angeles,4617,Medium Value
cb773f,Joe Rivera,36,Male,Chicago,4452,Medium Value
d538ec,William Green,34,Female,Chicago,570,Low Value
3c6a35,Erik Scott,68,Female,Los Angeles,1275,Low Value
6474f7,Connie Calderon,69,Male,Miami,2618,Medium Value
fde82f,William Lopez,42,Male,Chicago,3687,Medium Value
c54e01,Calvin Thompson,58,Male,Miami,463,Low Value
03adb4,James Harrison,41,Other,Los Angeles,2832,Medium Value
0b1953,Stacy Vasquez,21,Other,New York,2738,Medium Value
813d4a,Andrew Mcgrath,68,Other,Los Angeles,1140,Low Value
cdaebd,Joan Taylor,42,Male,Los Angeles,548,Low Value
9bfc49,Karen Weiss,48,Male,New York,3640,Medium Value
69a013,Heather Kirby,61,Male,Chicago,1739,Low Value
1c5121,Stephanie Curtis,41,Other,Los Angeles,4468,Medium Value
35ec56,Emma Durham,49,Other,Miami,3913,Medium Value
a76544,Bruce Williams,29,Male,Chicago,1904,Low Value
729845,Amy Ortiz,19,Female,Chicago,3497,Medium Value
7831cb,Alexandra Poole,57,Male,New York,183,Low Value
8b072f,Joshua Martin,54,Other,New York,738,Low Value
97ddc5,Gerald Henderson,27,Female,Houston,1246,Low Value
001faa,Shirley Allen,32,Female,Houston,3500,Medium Value
cdfbac,Kristen Ferguson,42,Other,Los Angeles,478,Low Value
51fbb2,Melanie Burch,53,Female,New York,101,Low Value
dadfc7,Charles Hart,38,Female,Houston,3009,Medium Value
d1e22d,Amanda Douglas,24,Female,Houston,745,Low Value
cebc22,Louis Davies,30,Other,Chicago,213,Low Value
7a76dc,Ethan Wallace,41,Other,Los Angeles,4322,Medium Value
914cae,Joyce Estrada,31,Other,Los Angeles,2548,Medium Value
d80b1d,Walter Walker,54,Female,Chicago,1436,Low Value
003eb5,Bailey Thompson,52,Male,Miami,1965,Low Value
f12f7c,Karen Olson,68,Other,Houston,1376,Low Value
cb66f8,Frank Choi,41,Female,Houston,535,Low Value
322b62,Jesus Thompson,63,Female,New York,2794,Medium Value
47cda6,Dana Martinez,47,Other,Houston,1077,Low Value
40e96a,Steven Wilson,55,Male,Miami,182,Low Value
a93149,Tara Rhodes,60,Male,Chicago,3889,Medium Value
d000ed,Jeff Wilson,25,Other,Miami,3862,Medium Value
d677d4,Ashley Jimenez,60,Male,New York,3616,Medium Value
8c81e9,Patricia Johnson,39,Female,New York,257,Low Value
e9835a,Bianca Kennedy,42,Female,Houston,3957,Medium Value
b3a29e,Brianna Suarez,67,Male,Los Angeles,4522,Medium Value
bcec57,Erika Smith,56,Female,Los Angeles,910,Low Value
622979,Barry Potts,24,Other,Miami,4475,Medium Value
dc303e,Raymond Rodriguez,51,Male,Los Angeles,3809,Medium Value
b48490,Amy Callahan,18,Female,Los Angeles,2653,Medium Value
3c4282,Ashley Lewis,44,Male,New York,2289,Medium Value
532e11,Stephanie Wells,60,Other,Chicago,1268,Low Value
deabb3,Cody Barnes,38,Female,Houston,2671,Medium Value
20c88e,Kimberly Cooper,61,Female,Miami,3980,Medium Value
f9e9a1,Samuel Lawrence,56,Male,New York,4478,Medium Value
0ab6ce,Renee Ballard,31,Male,Los Angeles,1008,Low Value
2a7cd7,Brandon Johnson,18,Male,Miami,4670,Medium Value
9b1435,Richard James,64,Other,Miami,1513,Low Value
dff9e8,Dylan Wilkinson,62,Other,Miami,4250,Medium Value
230813,Kevin Ferguson,45,Female,Chicago,4056,Medium Value
527fad,Kathleen Moore,68,Female,Los Angeles,1912,Low Value
21bbf9,Nathaniel Reed,64,Other,Miami,4753,Medium Value
3fe6f2,Gail Gutierrez,46,Female,Chicago,2097,Medium Value
9de4c7,Kevin White,56,Male,New York,2918,Medium Value
c5df74,Donna Bonilla,69,Other,New York,4310,Medium Value
4f01a0,Gwendolyn Bailey,21,Male,Chicago,3490,Medium Value
351018,Paul Edwards,49,Female,Miami,3328,Medium Value
9f5132,Matthew Williams,66,Male,Los Angeles,3847,Medium Value
66ca62,Jennifer Pineda,40,Female,New York,3223,Medium Value
18e5e1,Amber Rios,27,Female,Miami,401,Low Value
2e2faa,Alan Ward,18,Male,Houston,4743,Medium Value
8d0ef6,Joseph Wilcox,40,Other,Chicago,4761,Medium Value
a0eb2a,Robert Rodriguez,47,Other,Los Angeles,3934,Medium Value
c6ddcf,Matthew Baldwin,62,Female,Chicago,3361,Medium Value
8cb9b9,Stephanie Walker,38,Male,Los Angeles,1687,Low Value
c5c830,Emily Ingram,69,Male,Houston,1860,Low Value
6d8a42,Matthew Kelly,55,Male,Chicago,490,Low Value
1897b1,Matthew Brown,52,Other,Chicago,3750,Medium Value
6a2856,Alexander Nelson,29,Other,New York,4426,Medium Value
466388,Matthew Hess,45,Other,New York,3531,Medium Value
25853a,Scott Harris,22,Male,Chicago,799,Low Value
973dac,Ashley Perez,55,Male,Miami,3644,Medium Value
ac8724,Sheri Jacobson,28,Male,Houston,4989,Medium Value
5cbaa7,Timothy Mcdaniel,62,Female,Los Angeles,4680,Medium Value
87142e,Jody Mcdonald,51,Female,Chicago,4229,Medium Value
381b4d,Joseph Brown,35,Female,Miami,4374,Medium Value
464c90,Jose Stuart,45,Other,Houston,408,Low Value
0fb4bf,Jessica Oconnor,62,Other,New York,1287,Low Value
b6a9cf,Matthew Cervantes,37,Male,Chicago,3042,Medium Value
4cd602,Connor Foster,18,Female,New York,4866,Medium Value
a42663,Peter Flores,45,Male,Houston,4186,Medium Value
e93673,Mary Frye,39,Other,Houston,2364,Medium Value
ff1ed3,Tonya Sullivan,47,Male,Houston,2753,Medium Value
93002d,Michael Riley,64,Female,Miami,482,Low Value
e540e0,Kevin Roberson,67,Other,Houston,3122,Medium Value
e855c4,Patricia Nelson,28,Male,Miami,4640,Medium Value
5ce5f2,Michael Thompson,52,Female,Miami,404,Low Value
537bd7,Scott Thompson,62,Male,New York,2195,Medium Value
f0620d,Melissa Howe,28,Male,New York,3733,Medium Value
d60d66,Joseph Hammond,18,Other,Chicago,1093,Low Value
2e40da,Theresa Wilson,59,Other,Houston,3571,Medium Value
a4c166,Carlos Doyle,64,Other,Los Angeles,902,Low Value
40987f,Teresa Hart MD,61,Female,Houston,4121,Medium Value
3f7dec,Jose Dean,64,Female,Los Angeles,1145,Low Value
f7a4d1,Mark Bird,36,Male,Miami,787,Low Value
e32768,Terry Allen,53,Other,Chicago,3349,Medium Value
ffdb80,Joshua Moran,40,Other,Houston,939,Low Value
1e566b,Thomas Garrett,50,Male,Miami,1707,Low Value
ad4f17,Hannah Gentry,28,Female,New York,3079,Medium Value
2216f1,Kimberly Cooley,44,Other,Miami,3407,Medium Value
485a36,Eric Hobbs DDS,57,Female,Houston,2003,Medium Value
180dac,Crystal Gonzalez,22,Male,New York,572,Low Value
60d951,Michael Johns,63,Male,Miami,4161,Medium Value
c223ce,Kyle Moses,62,Female,Los Angeles,3464,Medium Value
1cd16d,Corey Rodriguez,68,Other,Chicago,2800,Medium Value
b08fef,Justin Wood,35,Female,Miami,707,Low Value
c8fecf,Joel Herrera,27,Male,Miami,1961,Low Value
be03b6,Robert Harvey,41,Male,Chicago,2005,Medium Value
63a7f4,Kimberly Reed,54,Male,New York,1512,Low Value
1933b9,Dr. Anthony Stanley,62,Female,Chicago,2822,Medium Value
231443,Megan Martin,26,Male,Los Angeles,1338,Low Value
1c1279,Erin Mitchell,68,Other,Miami,2413,Medium Value
b719f1,Justin Fitzpatrick,26,Other,Los Angeles,2072,Medium Value
71536a,Sarah Johnson,46,Male,Los Angeles,2604,Medium Value
bceb75,Ryan Wilkerson,65,Other,Houston,4511,Medium Value
99cce5,Dawn Johnson,35,Female,Chicago,1536,Low Value
f7dd1f,Alan Taylor,39,Male,Houston,2177,Medium Value
0fc9e3,Scott Duffy,58,Other,Los Angeles,1449,Low Value
bae1dd,Margaret Bailey,44,Other,New York,394,Low Value
61ef35,Lisa Jenkins,52,Female,New York,2642,Medium Value
5a355b,Rachel Smith,40,Male,New York,1103,Low Value
b36a69,Cassandra Hunt,27,Male,New York,4970,Medium Value
1ae409,Doris Nixon,66,Other,Los Angeles,3317,Medium Value
1bc128,Katherine Olson,59,Male,Houston,143,Low Value
6b8fb7,Bradley Mcclain,31,Male,Chicago,3068,Medium Value
9f3c10,Adrian Buckley,39,Other,Los Angeles,3900,Medium Value
4ef533,Alex Phillips,64,Male,Houston,4645,Medium Value
51f9e6,Michelle Moreno DDS,42,Other,Miami,2333,Medium Value
e50fd0,Michelle Wong,62,Other,Chicago,1275,Low Value
7888ee,Ms. Martha Tucker,29,Male,Houston,3416,Medium Value
512f82,Michael Johnson,38,Female,Miami,1405,Low Value
df03df,Megan Gonzalez,68,Male,Houston,904,Low Value
567ab3,Stephen Wilson,41,Male,Houston,1037,Low Value
a0f224,Kimberly Sampson,58,Male,Houston,918,Low Value
bdb07f,Crystal Shaw,18,Male,Miami,2488,Medium Value
452506,Christopher Johnson,66,Female,Los Angeles,2519,Medium Value
d4165a,Kelsey Austin,30,Other,Miami,1832,Low Value
2c0034,Ryan Miller,28,Other,Chicago,655,Low Value
dd9a01,Marcus Cox,45,Other,Miami,4736,Medium Value
af8a35,Jill Morgan,49,Female,Chicago,4346,Medium Value
1be281,Danielle Garza,60,Male,Los Angeles,3483,Medium Value
727709,Joyce Stephenson,51,Male,Chicago,320,Low Value
843c81,Cindy Dixon,45,Male,Miami,200,Low Value
afe135,Omar Adams,46,Other,Houston,1795,Low Value
75428d,Derrick Johnson,63,Female,Miami,4588,Medium Value
f310a8,Matthew Hicks,43,Male,Miami,1886,Low Value
9d4cce,James Burton,65,Female,Miami,933,Low Value
fa4271,Scott Barnes,26,Other,Houston,1350,Low Value
aabeea,Sergio Hodge,56,Other,Los Angeles,4813,Medium Value
6b81a8,Jonathan Donovan,25,Other,New York,3771,Medium Value
cc9ba0,Brianna Hill,41,Female,New York,4597,Medium Value
9c1061,Kim Hicks,67,Male,New York,3163,Medium Value
985c9f,Lisa Kelley,33,Male,Los Angeles,1639,Low Value
e60281,Michele Hall,59,Other,Houston,3253,Medium Value
200248,Courtney Brown,49,Other,Houston,2370,Medium Value
628f76,Nichole Gould,45,Female,Chicago,1575,Low Value
50f690,Shelia Valentine,22,Other,Los Angeles,230,Low Value
16a09f,Dr. Suzanne Riley,41,Other,Houston,486,Low Value
fc3922,Janice Coleman,58,Male,Miami,2497,Medium Value
66acf0,Kelli Willis,34,Female,Miami,3986,Medium Value
73f0cc,Susan Rosales,65,Female,Chicago,625,Low Value
2bb631,Brittany Dalton,32,Female,Miami,3396,Medium Value
50e071,Cameron Shields,44,Other,New York,142,Low Value
27fcdf,Ian Ellis,49,Female,New York,4087,Medium Value
959b14,Courtney Morrison,19,Other,Miami,2004,Medium Value
ab7452,Marvin Lee,44,Female,Houston,2795,Medium Value
b78ecd,Alexandra Poole,27,Male,Los Angeles,2855,Medium Value
389383,Michele Yang,51,Female,Chicago,709,Low Value
775de5,Timothy Thomas,52,Other,Miami,3504,Medium Value
fbc727,Christina Sims,55,Male,Chicago,1049,Low Value
7eef43,Brian Kirk,49,Male,Houston,2638,Medium Value
6860f0,Jeffrey Randall,39,Female,New York,3667,Medium Value
9bd481,Ian Hanson,49,Other,Chicago,4454,Medium Value
ce061d,Rebecca Hall,59,Male,Houston,301,Low Value
35af9d,Anthony Hamilton,51,Female,New York,2496,Medium Value
32927d,Brett Guerrero,65,Male,Miami,1241,Low Value
7c9790,Derrick Smith,20,Female,Chicago,4155,Medium Value
058198,Hannah Santana,24,Female,Los Angeles,497,Low Value
d40b64,Anthony Pruitt,47,Other,Chicago,2346,Medium Value
ef941e,Crystal Edwards,61,Female,Los Angeles,3697,Medium Value
4fcc8a,Thomas Tran,31,Other,Los Angeles,3756,Medium Value
452346,James Hartman,51,Female,Houston,1506,Low Value
1efff5,Terry Gonzalez,53,Female,Miami,1997,Low Value
74e34e,Jennifer Schmitt,19,Male,New York,847,Low Value
d10352,Jordan Jones,43,Female,Chicago,280,Low Value
8eb823,Aaron Bass,63,Male,Miami,3559,Medium Value
339a50,Andrea Hart,29,Other,Los Angeles,510,Low Value
d673c7,Miss Teresa Guzman,50,Female,Chicago,3754,Medium Value
9a67bd,Anna Taylor,69,Female,Miami,314,Low Value
7270dd,Christopher Roberts,64,Female,Miami,850,Low Value
a1ac40,Jason Murray,29,Male,Houston,1167,Low Value
31a545,Jonathan Conner,38,Male,Chicago,1939,Low Value
5e2217,Jodi Cannon,43,Female,Chicago,3763,Medium Value
31f38a,Jonathan Lee,41,Male,New York,4286,Medium Value
5ac382,Deborah Hall,35,Male,Los Angeles,4168,Medium Value
d3d467,Zachary Bridges,66,Female,Chicago,3893,Medium Value
08d3e4,Daniel Robinson,23,Male,Los Angeles,3734,Medium Value
43949d,Phillip Frazier,36,Male,Miami,1431,Low Value
54579a,Lisa Wilkerson,51,Female,Los Angeles,550,Low Value
ddf118,Steven Hall,56,Other,Los Angeles,4353,Medium Value
36864d,Christopher Lutz,20,Other,Miami,1317,Low Value
e9ef6b,Andrew Myers,67,Female,New York,4132,Medium Value
3d3774,Dean Moore,39,Female,Miami,2396,Medium Value
0a0472,Jacob Reynolds,43,Other,Miami,2348,Medium Value
1de488,Shannon Henry,20,Male,Miami,2173,Medium Value
8c767a,Gina Garcia,66,Female,Los Angeles,3289,Medium Value
f1d09c,Brenda Rice,33,Other,Los Angeles,1368,Low Value
d6f4c1,Ruth Moore,34,Female,New York,1872,Low Value
0a4dfb,Terry Romero,47,Other,Chicago,1894,Low Value
034e5a,John Wright,47,Male,Chicago,1519,Low Value
fe2f1d,Jacqueline Henderson,45,Other,Houston,2798,Medium Value
e5662a,Daniel Mitchell,57,Male,Houston,2418,Medium Value
085a79,Catherine Anderson,54,Other,New York,2814,Medium Value
6b2c09,Janice Contreras,54,Female,Miami,4561,Medium Value
3afbdc,Ryan Arroyo,61,Other,Chicago,761,Low Value
00992f,Heather Torres,50,Other,Chicago,639,Low Value
953d32,Carol Reyes,30,Other,Miami,4915,Medium Value
b1815f,Michael Fox,23,Female,Chicago,1124,Low Value
338ae2,Bridget Reid,30,Male,New York,4684,Medium Value
c6e3fc,Steven Jones,34,Other,Los Angeles,3681,Medium Value
87bf97,Jeremy Wilson,53,Male,Chicago,3159,Medium Value
49b796,Amanda Villarreal,54,Female,Chicago,2331,Medium Value
18e34f,Jamie Stewart,35,Male,Houston,219,Low Value
97d0b6,Andrew Allen,61,Male,Miami,3478,Medium Value
8c1f24,Laura Durham,54,Male,New York,1034,Low Value
ef1b86,Samantha Harris,33,Female,New York,1144,Low Value
51bee5,Christopher White,46,Other,New York,285,Low Value
78195c,Anthony Wood,32,Female,Miami,4165,Medium Value
28c9c9,Michael Howe,30,Other,Miami,3682,Medium Value
46bd28,Christopher Campbell,18,Male,Miami,4066,Medium Value
45811b,Makayla Lewis,46,Male,Houston,4830,Medium Value
e88f34,Wanda Green,39,Female,New York,3151,Medium Value
7dea6c,Erica Wilson,47,Male,New York,4834,Medium Value
a69236,Justin Jennings,25,Other,Miami,3933,Medium Value
684ae2,Scott Hernandez,58,Other,Miami,2872,Medium Value
1216f3,Jon Knight,39,Female,Los Angeles,933,Low Value
4a8fd8,Gregory White,60,Other,Houston,4935,Medium Value
09d42f,Steven Dixon,51,Other,New York,968,Low Value
6e6bc3,Michael Byrd,43,Other,Miami,1971,Low Value
41bc7a,Sarah Tate,65,Other,Miami,1496,Low Value
8963d3,Juan Gray,61,Other,Chicago,2803,Medium Value
d82c21,Kyle Gutierrez,69,Female,Los Angeles,4924,Medium Value
09c52b,Mark Mitchell,51,Male,New York,1147,Low Value
dc88ae,Jessica Brown,55,Male,Houston,4861,Medium Value
e6a700,Kristen Christian,56,Female,Chicago,1120,Low Value
decbdb,Christian Davies,57,Other,Los Angeles,1893,Low Value
9370f2,Renee Salazar,22,Other,Houston,4495,Medium Value
70edb6,David Esparza,48,Other,Chicago,4697,Medium Value
bf6461,John Nash,62,Male,Houston,2577,Medium Value
24a01f,Michael Huber,62,Male,Los Angeles,1336,Low Value
8f8b02,Kimberly Guerra,35,Female,Miami,2299,Medium Value
5c8e36,Jasmin Coleman,45,Male,New York,478,Low Value
cb13dc,Peter Archer,30,Male,Houston,3523,Medium Value
9b50e1,Aaron Peterson,51,Female,Houston,4785,Medium Value
158a7f,Amy Jones,22,Other,Houston,2942,Medium Value
41b11c,Eric Bonilla,29,Other,Houston,803,Low Value
f91db7,Mrs. Monica Daniel,56,Other,Miami,940,Low Value
91d9c7,Jamie Johnson,24,Female,Houston,3522,Medium Value
64dda7,Steven Ramirez,42,Female,New York,3979,Medium Value
57bb4e,Kenneth Spencer,26,Female,Miami,2873,Medium Value
5f5fb5,Keith Johnson,30,Male,New York,2135,Medium Value
7fe81c,Nicole Curtis,22,Female,Chicago,1249,Low Value
11fb51,Sara Schneider,49,Female,New York,3657,Medium Value
585dcb,Jeffery Brewer,24,Female,Chicago,2173,Medium Value
2cc2a9,James Rivera,48,Female,Houston,2839,Medium Value
0cc277,Bryan Rosales,32,Other,New York,725,Low Value
297c4b,Rebecca Wilson,48,Male,Chicago,4382,Medium Value
69dd1d,Rebekah Ortiz,59,Male,Miami,1307,Low Value
f3f135,Vanessa Flores,45,Other,Houston,3495,Medium Value
10c2a7,Gina Martinez,30,Other,Los Angeles,1523,Low Value
22adfd,Connie Mills,55,Other,Houston,2184,Medium Value
8ecd26,Kendra Hess DDS,62,Other,Chicago,3485,Medium Value
75d8b9,Mary Bailey,22,Male,New York,3680,Medium Value
67cf85,Shannon Jackson,50,Female,Houston,4183,Medium Value
60a719,David Reyes MD,34,Other,Los Angeles,4776,Medium Value
eb83ec,Taylor Ramirez,45,Female,Houston,2228,Medium Value
3e7677,Gerald Escobar,23,Other,Chicago,1279,Low Value
ca7942,Michael Smith,64,Male,New York,3320,Medium Value
39788c,Jose Rodriguez,66,Female,Miami,4527,Medium Value
d17cfd,Rebecca David,52,Other,Los Angeles,1950,Low Value
49faaf,Carl Chen,50,Male,Chicago,4426,Medium Value
e2d32e,Edwin Mason,27,Female,Houston,3482,Medium Value
cb1b4b,Dennis Parker,58,Other,Chicago,2479,Medium Value
6ce74b,Tanya Hebert,24,Other,Los Angeles,4704,Medium Value
328221,Veronica Shea,29,Other,Houston,3158,Medium Value
3125a6,Nicole Sawyer,23,Other,New York,3485,Medium Value
fd1cfb,Anthony Anderson,37,Female,Los Angeles,805,Low Value
8b77b6,Molly Ford,36,Male,Chicago,4370,Medium Value
f92445,Julie Harris,34,Male,Los Angeles,1372,Low Value
7e5624,Angela Riley,57,Male,Los Angeles,3135,Medium Value
991cf9,Phillip Mckay,58,Male,New York,4576,Medium Value
b0f232,Meghan Baker,19,Female,Los Angeles,3639,Medium Value
181bb0,Erica Davis DDS,45,Male,Miami,1977,Low Value
fa6447,Luis Murphy,34,Other,Chicago,1568,Low Value
122a5c,Angela Butler,41,Female,New York,3838,Medium Value
ba6084,Annette Grant,66,Male,Miami,1275,Low Value
6f742e,Beth Hutchinson,62,Other,Chicago,1100,Low Value
37c8ce,Tyler Sanchez,33,Female,Houston,651,Low Value
1d7a65,Sharon Brown,27,Male,Houston,4968,Medium Value
98c017,Michael Campbell,29,Female,Miami,3116,Medium Value
ea5024,Katherine Wood,35,Male,Houston,3176,Medium Value
8739c9,Mr. Tyler Mendoza,53,Other,New York,3929,Medium Value
2f397f,Joyce Gross,65,Male,New York,3314,Medium Value
e21595,Sandra Collins,36,Male,Houston,2777,Medium Value
e11cbc,Jeffrey Calhoun,49,Male,Chicago,1693,Low Value
bafce5,John Williams,45,Other,Chicago,420,Low Value
a4de02,Jonathan Hayes,68,Female,Chicago,1692,Low Value
f85bc2,Gabriel Wong,47,Female,Los Angeles,4544,Medium Value
631a95,Franklin Johnson,41,Male,Houston,1328,Low Value
110ef6,Mark Jenkins,40,Female,Los Angeles,2038,Medium Value
b6893f,Daniel Cross,41,Other,New York,4450,Medium Value
acd031,Mario Mcdonald,45,Male,New York,3019,Medium Value
cf5388,Stephen Smith,33,Female,Chicago,4892,Medium Value
3c694f,Jonathan Kim,56,Female,Los Angeles,3322,Medium Value
995c47,Natalie Krause,55,Other,Los Angeles,4029,Medium Value
5fa418,Kevin Kelly,20,Female,Miami,212,Low Value
3dd337,Donna Brown,43,Other,Los Angeles,899,Low Value
0f1d91,Christina Kelly,56,Male,Los Angeles,3367,Medium Value
e5c3ec,Vickie Horton,23,Male,Los Angeles,401,Low Value
63ba0e,Heidi Guerra,33,Female,Houston,516,Low Value
02164a,Jason Hansen,44,Female,New York,2246,Medium Value
2ef2e9,Patrick Price,63,Female,Miami,4592,Medium Value
887443,Austin Terry,38,Male,Miami,3729,Medium Value
4b0d6a,Kimberly White,62,Other,Houston,4773,Medium Value
00eab1,Samantha Jones,62,Other,Chicago,436,Low Value
48a7b4,Rodney Carey,26,Female,Miami,1778,Low Value
9bcca4,Stephen Russell,48,Female,Houston,2823,Medium Value
34c489,Matthew Trevino,54,Female,New York,2119,Medium Value
da598a,Brianna Lopez,32,Female,Houston,3123,Medium Value
fe00ab,Tracy Boyd,35,Female,New York,2430,Medium Value
cd76b8,Christopher Cooper,50,Male,Miami,1306,Low Value
057d26,Nicholas Dillon,29,Female,Los Angeles,2874,Medium Value
66db05,Melissa Hernandez,41,Female,Los Angeles,2325,Medium Value
7512bb,Jessica Dawson,66,Male,Los Angeles,1017,Low Value
d1646b,Dakota Jimenez,36,Other,Miami,3983,Medium Value
01e50d,Julie Lynch,43,Male,Houston,3554,Medium Value
74127e,Pamela Hill,36,Male,New York,1876,Low Value
f51987,Garrett Johns,63,Male,Los Angeles,4269,Medium Value
c57065,Rebecca Cline,19,Male,Miami,2097,Medium Value
8aab90,Charles Scott,51,Male,Chicago,3175,Medium Value
667393,Rachel Schaefer,23,Male,New York,4111,Medium Value
81183e,Olivia White,54,Other,Los Angeles,2786,Medium Value
f378a4,Donna Anderson,18,Other,Los Angeles,1328,Low Value
8f4bf4,Kimberly Nguyen,23,Female,Miami,4336,Medium Value
08107d,Cassandra Nichols,20,Other,Miami,2308,Medium Value
005735,Aaron Barnes,35,Male,Chicago,310,Low Value
e5faed,Melissa Delgado,21,Male,Los Angeles,3993,Medium Value
1280be,Angela Sanford,38,Female,Chicago,1767,Low Value
2190c2,Lisa Kline,49,Male,New York,899,Low Value
f977b5,Courtney Taylor,60,Male,Houston,4690,Medium Value
84b0db,Sandra Peck,61,Female,Houston,2086,Medium Value
22d979,Jordan Martin,18,Male,New York,2141,Medium Value
6cd596,April Riggs,37,Female,Miami,1344,Low Value
52320c,Ryan Gonzalez,23,Male,Houston,2640,Medium Value
5f286e,Crystal Maldonado,38,Other,Houston,1217,Low Value
8a6e45,Connie Franklin,31,Female,Houston,1246,Low Value
9121d5,Ryan Skinner,62,Other,Miami,3496,Medium Value
917bf9,Brian Richmond,22,Female,Houston,4227,Medium Value
ddbad0,Anthony Anderson,21,Female,New York,2277,Medium Value
2e30b5,Dr. Ronald Montgomery,34,Female,Chicago,4457,Medium Value
61d485,John Green,60,Other,New York,1608,Low Value
243f7a,Samantha Shelton,66,Other,Chicago,2440,Medium Value
760701,Adrian Carlson,26,Male,Los Angeles,3985,Medium Value
0fe502,Erika Manning,52,Other,New York,546,Low Value
87150e,Jeffrey Schwartz,39,Male,New York,1130,Low Value
ff2606,Roy Clark,64,Male,New York,2599,Medium Value
dbc688,Sarah Castaneda,41,Female,Los Angeles,3938,Medium Value
eb72c0,Stephen Duncan,40,Other,Los Angeles,4206,Medium Value
38bb13,Todd Morris,69,Other,Los Angeles,4495,Medium Value
51b2ac,Meghan Johnson,21,Other,New York,1557,Low Value
605d62,Jill Allison,19,Female,New York,1526,Low Value
47c718,Jacob Hall,48,Other,New York,1630,Low Value
74d3d7,Amanda Johnson,35,Female,Chicago,1558,Low Value
54d4d0,Stacy Payne,26,Other,New York,248,Low Value
6d51c9,James Banks,25,Other,Houston,1083,Low Value
76b638,Nicholas Phillips,36,Male,Houston,193,Low Value
e0d8ef,Sandra Allen,67,Male,Miami,1879,Low Value
69e501,Alice Stone,55,Other,Houston,421,Low Value
8c9b40,Sara Everett,27,Female,Chicago,2790,Medium Value
