Customer_ID,Name,Location,Total_Spent,Customer_Segment
51d319,John Holt,New York,4996,Medium Value
ac8724,Sheri Jacobson,Houston,4989,Medium Value
67e362,Linda Brown,Chicago,4986,Medium Value
e361fc,James Garcia,New York,4972,Medium Value
b36a69,Cassandra Hunt,New York,4970,Medium Value
1d7a65,Sharon Brown,Houston,4968,Medium Value
b21113,Steven Levy,Miami,4960,Medium Value
c2c497,Michael Walker,New York,4958,Medium Value
08a16f,Cathy Ryan,Los Angeles,4949,Medium Value
541935,Mariah Long,Chicago,4936,Medium Value
